,0
"
TOMBOY
","
(여자)아이들
"
"
Feel My Rhythm
","
Red Velvet (레드벨벳)
"
"
GANADARA (Feat. 아이유)
","
박재범
"
"
사랑인가 봐
","
멜로망스(MeloMance)
"
"
사건의 지평선
","
윤하(Younha/ユンナ)
"
"
Real Love
","
오마이걸(OH MY GIRL)
"
"
INVU
","
태연 (TAEYEON)
"
"
다시, 봄
","
뉴이스트
"
"
RUN2U
","
STAYC(스테이씨)
"
"
존재만으로
","
원슈타인
"
"
Starlight
","
태일 (TAEIL)
"
"
버퍼링 (Glitch Mode)
","
NCT DREAM
"
"
GALAXY
","
뉴이스트
"
"
아주, 천천히
","
비비(BIBI)
"
"
MY BAG
","
(여자)아이들
"
"
우린 어떠한 별보다 빛날 거야
","
이하이
"
"
abcdefu
","
GAYLE
"
"
살별
","
윤하(Younha/ユンナ)
"
"
Black hole
","
윤하(Younha/ユンナ)
"
"
듣고 싶을까
","
MSG워너비(M.O.M)
"
"
사랑은 늘 도망가
","
임영웅
"
"
SMILEY (Feat. BIBI)
","
YENA (최예나)
"
"
취중고백
","
김민석 (멜로망스)
"
"
ELEVEN
","
IVE (아이브)
"
"
Stardust love song
","
지효 (TWICE)
"
"
손을 잡는다거나, 같이 걷는다거나
","
적재
"
"
DAYDREAM
","
하이라이트(Highlight)
"
"
드라마
","
아이유(IU)
"
"
어제처럼
","
폴킴(Paul Kim)
"
"
물의 여행
","
윤하(Younha/ユンナ)
"
"
스물다섯, 스물하나
","
자우림(Jaurim)
"
"
With
","

김태리(Kim Tae Ri)


김태리(Kim Tae Ri)
 "
"
신호등
","
이무진
"
"
북극성 (Never Goodbye)
","
NCT DREAM
"
"
Dynamite
","
방탄소년단
"
"
다정히 내 이름을 부르면
","

경서예지


경서예지
 "
"
Bones
","
Imagine Dragons(이매진 드래곤스)
"
"
Permission to Dance
","
방탄소년단
"
"
O.O
","
NMIXX
"
"
Stronger (What Doesn't Kill You)
","
Kelly Clarkson(켈리 클락슨)
"
"
Weekend
","
태연 (TAEYEON)
"
"
strawberry moon
","
아이유(IU)
"
"
더 보고 싶고 미안하고 그래
","
이예준
"
"
BOP BOP!
","
VIVIZ (비비지)
"
"
STAY
","

The Kid LAROI


The Kid LAROI
 "
"
가보자
","
Xydo(시도)
"
"
Step Back
","
GOT the beat
"
"
Can't Control Myself
","
태연 (TAEYEON)
"
"
Saturday Drip
","
NCT DREAM
"
"
잘 지내
","
윤하(Younha/ユンナ)
"
"
내 생에 아름다운
","
이예준
"
"
Go!
","
도겸 (SEVENTEEN)
"
"
너를 위한 단어 (It’s Yours)
","
NCT DREAM
"
"
언제나 사랑해
","
케이시
"
"
Arcade
","
NCT DREAM
"
"
Savior
","
윤하(Younha/ユンナ)
"
"
Eden
","
오마이걸(OH MY GIRL)
"
"
잘 자 (Teddy Bear)
","
NCT DREAM
"
"
Better Than Gold (지금)
","
NCT DREAM
"
"
나는 계획이 있다
","
윤하(Younha/ユンナ)
"
"
Dreams Come True
","
aespa
"
"
Rewind
","
NCT DREAM
"
"
Drip
","
오마이걸(OH MY GIRL)
"
"
벚꽃이 피면 우리 그만 헤어져
","
벤
"
"
반짝, 빛을 내
","
윤하(Younha/ユンナ)
"
"
Next Level
","
aespa
"
"
밤하늘의 별을(2020)
","
경서
"
"
Fire Alarm
","
NCT DREAM
"
"
6년 230일
","
윤하(Younha/ユンナ)
"
"
서랍
","
10CM
"
"
오르트구름
","
윤하(Younha/ユンナ)
"
"
회전목마 (Feat. Zion.T, 원슈타인) (Prod. Slom)
","
sokodomo
"
"
서툰 이별을 하려해
","
문별 (마마무)
"
"
Truly
","
윤하(Younha/ユンナ)
"
"
Snowman
","
Sia(시아)
"
"
Celebrity
","
아이유(IU)
"
"
Savage
","
aespa
"
"
눈이 오잖아(Feat.헤이즈)
","
이무진
"
"
Blink
","
오마이걸(OH MY GIRL)
"
"
Dear Rose
","
오마이걸(OH MY GIRL)
"
"
P.R.R.W.
","
윤하(Younha/ユンナ)
"
"
200%
","
AKMU(악뮤)
"
"
금요일에 만나요 (feat. 장이정 Of History)
","
아이유(IU)
"
"
Light Switch
","
Charlie Puth(찰리 푸스)
"
"
Replay
","
오마이걸(OH MY GIRL)
"
"
라일락
","
아이유(IU)
"
"
Sailing Heart (항해)
","
오마이걸(OH MY GIRL)
"
"
별의 조각
","
윤하(Younha/ユンナ)
"
"
우리가 헤어져야 했던 이유
","
비비(BIBI)
"
"
너의 세상
","
설호승 (SURL)
"
"
그래서 그래 (Feat. 윤하)
","
에픽하이 (EPIK HIGH)
"
"
Christmas Tree
","
V
"
"
꽃 (With 김민석 of 멜로망스)
","
박봄 (Park Bom)
"
"
Butter
","
방탄소년단
"
"
사랑했나봐
","
윤도현
"
"
여전히 아름다운지 (feat. 김연우)
","
토이(Toy)
"
"
내 마음이 움찔했던 순간 (취향저격 그녀 X 규현)
","
규현 (KYUHYUN)
"
"
말리지 마
","
(여자)아이들
"
"
바라만 본다
","
MSG워너비(M.O.M)
"
"
동화
","
멜로망스(MeloMance)
"
